hola;como ;estas ;mundo;hola;como ;estas ;mundo;hola;como ;estas 
hola;como ;estas ;mundo;hola;como ;estas ;mundo;hola;como ;estas 
hola;como ;estas ;mundo;hola;como ;estas ;mundo;hola;como ;estas 
hola;como ;estas ;mundo;hola;como ;estas ;mundo;hola;como ;estas 
hola;como ;estas ;mundo;hola;como ;estas ;mundo;hola;como ;estas 
hola;como ;estas ;mundo;hola;como ;estas ;mundo;hola;como ;estas 
hola;como ;estas ;mundo;hola;como ;estas ;mundo;hola;como ;estas 
hola;como ;estas ;mundo;hola;como ;estas ;mundo;hola;como ;estas 
hola;como ;estas ;mundo;hola;como ;estas ;mundo;hola;como ;estas 
hola;como ;estas ;mundo;hola;como ;estas ;mundo;hola;como ;estas 
hola;como ;estas ;mundo;hola;como ;estas ;mundo;hola;como ;estas 
hola;como ;estas ;mundo;hola;como ;estas ;mundo;hola;como ;estas 
hola;como ;estas ;mundo;hola;como ;estas ;mundo;hola;como ;estas 
hola;como ;estas ;mundo;hola;como ;estas ;mundo;hola;como ;estas 
hola;como ;estas ;mundo;hola;como ;estas ;mundo;hola;como ;estas 
hola;como ;estas ;mundo;hola;como ;estas ;mundo;hola;como ;estas 
